Step,True_X,True_Z,True_Theta,Est_X,Est_Z,Est_Theta,RMSE
1,0.208525,-2.60874,-1.5701100500510705,0.17303686801758622,-0.6225094853097077,0.8645754791064292,1.9865475239717938
2,0.21527149110229418,-2.6003278145400945,-1.5314566105159826,0.5664602616266158,-0.8249190512173794,1.383288697628494,1.8098093351028657
3,0.21044955533642629,-2.5923461040216704,-1.5156745620067245,0.4455266869592151,-0.7812833323361489,0.5477571530356715,1.8262556285463547
4,0.2126454322091339,-2.5875099354024464,-1.5156508417210235,0.37037360776731504,-0.8279899873433542,-0.4608469244484877,1.7665753946499942
5,0.21331856096737023,-2.583078131605666,-1.5158326856961581,0.5639756281004481,-0.77238376907482,2.5446065089857703,1.844335775619873
6,0.21383493595603253,-2.57841042027798,-1.5158996922337808,0.19971201365299432,-0.8697205483224504,1.2117956936212617,1.7087482364168751
7,0.2142663805779833,-2.5735816613162643,-1.5159164110900114,0.22405626112993668,-1.0166837972116034,-2.3877611565601744,1.556928643520594
8,0.21464453601208605,-2.568649789446038,-1.5159121096598847,0.16874999279539307,-0.6529761185940409,0.4371716498894451,1.9162233487494704
9,0.21498876434703315,-2.56365191069826,-1.5158983744168502,0.44266810417501085,-0.7464252630292325,-0.4458496405671111,1.8314340203193002
10,0.21531143026537522,-2.558612023048906,-1.515880237060887,0.22872105756761268,-0.6336737772198476,-2.2682216770508408,1.9249849527619267
11,0.2156199919914712,-2.5535457439744222,-1.5158597565815901,0.3544527960233916,-0.9444069974558531,2.79873716321471,1.6151167304633798
12,0.21591771213254293,-2.548462671694847,-1.5158374784635529,0.36780770437881716,-1.0376538491525722,2.36500938048871,1.5184247982748926
13,0.21620834365969424,-2.543368997425698,-1.5158140847688093,0.29524386822907506,-0.842686946204475,0.5672587303415766,1.7025175633425882
14,0.2164944824423233,-2.538268606068922,-1.5157900230228198,0.46831726108838767,-0.6820262887273618,-3.0596550302104073,1.87324591352406
15,0.21677779208908696,-2.533163961951948,-1.5157655474693905,0.3662352836042373,-1.0704514976189154,-1.2627443310118538,1.4703282950025867
16,0.21705933628152177,-2.5280566262631936,-1.5157408122676566,0.2342129981750088,-0.8508594793724874,-2.9119924027027357,1.6772848647903198
17,0.2173397950962982,-2.5229475876989196,-1.5157159125998798,0.4418174861765447,-0.8334116799485108,3.052537322179321,1.70438311930467
18,0.21761960384932566,-2.5178374724114163,-1.5156909080591898,0.4828560707660857,-0.9347133020591893,-1.064867505370223,1.6051892480751024
19,0.21789904146828398,-2.5127266769727714,-1.5156658362943647,0.317681626956794,-0.8014914420716458,-0.16373843532698254,1.7141419408945928
20,0.21817828683111745,-2.5076154525685777,-1.5156407212285803,0.29390478127097924,-0.9498153738441338,1.9657650588858493,1.5596395696551282
21,0.21845745473798522,-2.502503958309824,-1.5156155781207408,0.407531690442607,-0.6994612784957962,-1.0128136141036597,1.8129291138481498
22,0.21873661891048757,-2.4973922949916,-1.5155904167286396,0.31585059964352263,-0.8582940853426212,2.702605262479928,1.6419726143052156
23,0.21901582671412434,-2.4922805264714953,-1.5155652433045927,0.3640836891852267,-0.7924163680852054,0.7768649032963492,1.706043036294297
24,0.2192951085923826,-2.487168693208936,-1.51554006186189,0.39690882171433073,-0.8568915073364972,0.7865969514496244,1.639923880509435
25,0.21957448411753694,-2.4820568208406124,-1.5155148749814105,0.4087420931544747,-1.010902289078197,-1.9765869434787668,1.4832666788658888
26,0.21985396587452252,-2.476944925612352,-1.5154896843265098,0.4015087567143969,-0.775768817341957,0.9698586600567672,1.7108473381295846
27,0.22013356195557282,-2.4718330178200727,-1.5154644909721409,0.4289206146297643,-1.0335735407261557,0.042322393891395534,1.4533349086892682
28,0.22041327756344453,-2.466721103989702,-1.5154392956154286,0.5693575783788786,-0.6397022689728888,2.4133232824944475,1.8600429964325462
29,0.2206931160422387,-2.4616091882583007,-1.5154140987105105,0.395366066903255,-0.8562521012366997,-2.7353929167419553,1.6148318849381738
30,0.2209730795404324,-2.4564972732491546,-1.5153889005549508,0.28450076240221694,-1.0154971010749976,0.38956997791160414,1.4423998276122116
31,0.22125316943746628,-2.4513853606262606,-1.515363701345155,0.20104216965723307,-0.8048486329016832,0.882435385220768,1.6466607665995068
32,0.22153338661825997,-2.4462734514456983,-1.5153385012119538,0.29321495464861974,-0.9743560742632911,1.8660111689114225,1.4736617700296184
33,0.221813731649884,-2.441161546378284,-1.5153133002434842,0.1804318972951787,-0.8165678766252087,2.4477156902811488,1.6251206256817754
34,0.2220942048952617,-2.4360496458506704,-1.5152880984999233,0.5138400948166273,-0.8363866493092361,-2.237578346321039,1.6260496200269936
35,0.22237480658633732,-2.430937750134768,-1.5152628960230057,0.34051182355398457,-0.8144685258199016,-0.2725750890964531,1.6207804008980122
36,0.2226555368711464,-2.425825859404408,-1.5152376928421831,0.21659975642692442,-0.736159488231438,-1.4467946309155675,1.6896772231256545
37,0.22293639584408417,-2.4207139737712513,-1.5152124889786363,0.36718657468215177,-0.7319479616634433,-1.8652206849032356,1.6949155606534867
38,0.22321738356535553,-2.415602093307542,-1.5151872844478882,0.400960202492068,-0.8465294171625343,-2.146702175408049,1.5791078407458023
39,0.2234985000734595,-2.410490218060526,-1.5151620792615406,0.219470895912327,-0.7580165543231925,-0.47091250340553903,1.6524785720065371
40,0.22377974539319134,-2.4053783480615847,-1.5151368734284079,0.3126317127216822,-1.0265544099804131,-2.468013580670103,1.3816838004130372
41,0.22406111954075864,-2.400266483332019,-1.5151116669552984,0.2915782967576539,-0.7446197230395257,-3.0366947823902284,1.6570228616667806
42,0.2243426225270422,-2.395154623886715,-1.515086459847526,0.5566243953223323,-0.7727592667020639,-1.5538173638396,1.6560730272383197
43,0.22462425435966407,-2.3900427697364623,-1.5150612521092868,0.5266768829839462,-0.6923824304958123,-2.4561794181701146,1.7243220168777982
44,0.22490601504428948,-2.3849309208894267,-1.5150360437439119,0.2392503282455546,-1.0096908525390924,-1.3969442598881725,1.3753148748259243
45,0.22518790458543814,-2.3798190773520744,-1.5150108347540512,0.46305911677919026,-0.8435380471234507,-0.6526370484870089,1.5545874428384037
46,0.22546992298698124,-2.374707239129766,-1.5149856251418137,0.3697318234071113,-0.8941568905114835,1.3792536453635817,1.4875620426410945
47,0.22575207025243832,-2.369595406227129,-1.514960414908877,0.34997069507521483,-0.8171136780600984,-0.8494557360937603,1.557443348261937
48,0.22603434638514772,-2.3644835786482967,-1.5149352040565613,0.485390155883413,-0.909436046047084,-0.7397460681983093,1.477981311806539
49,0.22631675138835705,-2.3593717563970618,-1.5149099925859026,0.5503808197255667,-0.9198228654232955,-1.0016688478742533,1.4755739662555258
50,0.22659928526526493,-2.3542599394769748,-1.5148847804977017,0.3543530539981017,-0.8723111420377693,-0.25029241882422054,1.4874452136656833
51,0.22688194801903247,-2.3491481278914117,-1.5148595677925678,0.3594689813193334,-0.7097924113143367,-2.40401381102872,1.6447086328202059
52,0.2271647396527785,-2.3440363216436197,-1.51483435447096,0.449749470889422,-0.8173946874236422,2.3070014084310153,1.5427827591445051
53,0.22744766016956536,-2.3389245207367497,-1.5148091405332083,0.4180385594145963,-0.898100504896393,0.7631721422040648,1.4533749466319288
54,0.22773070957238126,-2.333812725173883,-1.5147839259795512,0.28080016636190924,-1.0685661860952476,2.1745606612314474,1.266359021721092
55,0.22801388786412194,-2.328700934958052,-1.5147587108101492,0.4588117990939682,-0.7722072938600387,3.0715753359946185,1.5735120370072198
56,0.22829719504757393,-2.323589150092257,-1.5147334950251046,0.37715659539321383,-0.7125746181473519,-2.6131057924405123,1.6178772954735858
57,0.22858063112540106,-2.3184773705794854,-1.5147082786244792,0.4348008385840838,-0.9371936592780243,-2.4174954834435702,1.396592805749421
58,0.22886419610013445,-2.3133655964227238,-1.5146830616083025,0.23629057298422634,-0.8487248163424804,-0.027858795406093127,1.4646596074677856
59,0.22914788997416644,-2.308253827624973,-1.5146578439765823,0.49854544095437925,-0.7954659426992557,-2.717661158794648,1.5365878514592528
60,0.22943171274974902,-2.3031420641892644,-1.5146326257293132,0.2995275038667099,-0.710489507598347,0.7211319494211915,1.5941943375723984
61,0.22971566442899616,-2.298030306118667,-1.51460740686648,0.6106701343818107,-0.9607065696176994,-2.9344075464988726,1.3905254705994925
62,0.22999974501389048,-2.292918553416303,-1.5145821873880623,0.5439159345971404,-0.8593075659917344,2.1947574465292496,1.4675775404887175
63,0.23028395450629346,-2.287806806085358,-1.5145569672940355,0.4216656208144605,-0.9385796416440219,2.529313742270929,1.3627328731139123
64,0.23056829290795913,-2.2826950641290873,-1.5145317465843697,0.37523590832026127,-0.6960000520244558,0.19606242345646074,1.5932764293702453
65,0.23085276022055054,-2.277583327550827,-1.5145065252590324,0.3544786709353026,-0.8009659772802458,1.217564688563917,1.4817834406282733
66,0.2311373564456595,-2.272471596353996,-1.5144813033179811,0.16761178496665066,-0.724122161622511,-2.4288771010817265,1.5496520481272704
67,0.2314220815848273,-2.267359870542104,-1.5144560807611613,0.3582889444629869,-0.7332637909444834,-1.1563815780610565,1.5393329666882782
68,0.23170693563956793,-2.2622481501187544,-1.5144308575885075,0.4396007061211738,-0.764116751886257,0.5215638086501417,1.5124871920697762
69,0.23199191861139226,-2.257136435087641,-1.5144056337999323,0.36456724634572674,-0.948883590016457,-0.8306494682850181,1.314953126221887
70,0.23227703050183207,-2.2520247254525523,-1.5143804093953273,0.25500662477391944,-0.6076415471674133,-2.6433086635457785,1.6445402614356721
71,0.23256227131246487,-2.2469130212173645,-1.5143551843745517,0.2540030036440944,-0.8886968732290922,-1.5819773614369368,1.3583853686119478
72,0.23284764104493744,-2.2418013223860402,-1.5143299587374313,0.3589743220779559,-0.8613934368352295,2.0865217314441633,1.3861579528175225
73,0.2331331397009887,-2.2366896289626212,-1.5143047324837524,0.43079912901623396,-0.7600444821406349,2.6262432380674747,1.4898163420250499
74,0.23341876728247113,-2.2315779409512215,-1.5142795056132583,0.39876812286464025,-0.838039836852762,1.1984678286255197,1.403313527678604
75,0.23370452379136997,-2.2264662583560173,-1.5142542781256392,0.3402454512433988,-0.8300256743597428,-1.676556952865476,1.4004989374698558
76,0.23399040922981998,-2.221354581181237,-1.5142290500205378,0.5922858348018064,-0.961812990185768,-1.2123053848170595,1.3095116003431233
77,0.23427642360011983,-2.216242909431153,-1.5142038212975342,0.4130875822810972,-0.7213102329797344,-0.21230512911739927,1.5055886349169334
78,0.23456256690474317,-2.2111312431100645,-1.5141785919561521,0.5010018452434628,-0.9337520462478196,-0.7505405254374058,1.3048706838679807
79,0.2348488391463466,-2.2060195822222903,-1.5141533619958518,0.14736568465194586,-0.7750237869442868,-1.3975841357690435,1.4336674190423724
80,0.23513524032777405,-2.2009079267721514,-1.5141281314160295,0.44377387448179334,-0.7028736474994081,-1.2460463705820273,1.512493564131055
81,0.23542177045205764,-2.195796276763961,-1.514102900216019,0.42513688652009685,-0.8096298175716737,1.681084517759453,1.399088731229865
82,0.23570842952241544,-2.190684632202011,-1.5140776683950867,0.3647804816902996,-0.8793837836439629,-0.2706223777101142,1.3176378524009873
83,0.23599521754224512,-2.1855729930905574,-1.5140524359524405,0.44093358534344945,-0.8412996385054508,1.95408905747955,1.3598053487336037
84,0.2362821345151146,-2.1804613594338114,-1.5140272028872237,0.43995252646724453,-0.9658836400459897,2.251615870852226,1.2315358967530163
85,0.23656918044474928,-2.175349731235925,-1.5140019691985187,0.3492404871397756,-0.8736149697455167,-1.975362762674994,1.3066017804307686
86,0.23685635533501578,-2.1702381085009845,-1.5139767348853563,0.401644462946359,-0.8596407052725873,1.8430685391854609,1.3209166036351978
87,0.23714365918990432,-2.1651264912330004,-1.513951499946716,0.3188408517324101,-0.6947587846948418,1.8639679700128062,1.472635604519873
88,0.23743109201350734,-2.160014879435897,-1.5139262643815283,0.5027813121142624,-0.89493444113891,-2.55146269678064,1.2926094749262886
89,0.23771865380999693,-2.1549032731135105,-1.513901028188679,0.25744943267678105,-0.6509111503623191,-0.866924604259757,1.5041215406117703
90,0.23800634458360004,-2.1497916722695845,-1.5138757913670287,0.36876203650383,-0.8260198531743286,-0.09779287074609748,1.3302138474697596
91,0.23829416433857362,-2.1446800769077656,-1.5138505539153977,0.5375019289403995,-0.7394416266306604,-1.9483526655454209,1.4367394991908666
92,0.2385821130791781,-2.1395684870316036,-1.5138253158325892,0.2569214938376548,-1.099061967239316,2.6491313185326946,1.0406681270303528
93,0.23887019080965124,-2.1344569026445535,-1.5138000771173847,0.2671258692368771,-0.9127718576421191,-0.276236129481767,1.2220117563043258
94,0.23915839753418225,-2.129345323749977,-1.513774837768558,0.5701518235288564,-0.6882846655797279,1.6218477327326024,1.4785846166445
95,0.23944673325688673,-2.1242337503511477,-1.5137495977848765,0.2670392213846115,-0.9083044590664735,1.7855974345303072,1.216242322403364
96,0.23973519798178303,-2.1191221824512594,-1.513724357165111,0.5698769096749295,-0.8889672443131994,-1.0897129307331515,1.2736854877186654
97,0.24002379171277038,-2.1140106200534285,-1.5136991159080349,0.4717801340259953,-0.8928303043811086,-0.7760291809248445,1.2429772184509063
98,0.24031251445360904,-2.1088990631607096,-1.5136738740124394,0.34642233609661793,-0.9610134723440454,-1.7844901124014936,1.152779520920472
99,0.24060136620790284,-2.1037875117761,-1.5136486314771316,0.3735386086624642,-0.8102682805274265,1.5893010139079358,1.3003323852160193
100,0.24089034697908537,-2.0986759659025562,-1.513623388300938,0.4270226430670272,-0.6817400044152707,-2.8295429024762453,1.429109075824119
101,0.2411794567704086,-2.093564425543001,-1.5135981444827105,0.40924983410460497,-0.8417365050784336,2.726867519975314,1.2630600912830325
102,0.2414686955849351,-2.0884528907003377,-1.5135729000213294,0.2086109827928618,-0.7913571186928491,-2.541340273471693,1.297511877036056
103,0.241758063425534,-2.083341361377465,-1.5135476549157048,0.32444997376809315,-0.8425379765608997,-1.9042378627723244,1.2435557855634574
104,0.2420475602948806,-2.078229837577286,-1.5135224091647763,0.28198792143256596,-0.9465138212374391,-3.036645222115585,1.1324205818016297
105,0.2423371861954588,-2.073118319302722,-1.5134971627675131,0.2795200968635701,-0.9107805797279955,-2.356995512395548,1.1629323237770277
106,0.2426269411295684,-2.068006806556725,-1.51347191572292,0.31866462450923694,-0.6654860767109645,1.8298365213786254,1.404580409567509
107,0.24291682509933515,-2.062895299342289,-1.5134466680300231,0.512829772850558,-0.9521597661615517,-0.2609418945021327,1.1430601139196708
108,0.24320683810672403,-2.0577837976624602,-1.513421419687882,0.22746902244548514,-0.7483962764653589,2.572189457111418,1.3094820959098588
109,0.2434969801535562,-2.0526723015203463,-1.5133961706955774,0.24468672828714794,-0.7554183956207292,-1.413938070707384,1.2972544514752817
110,0.2437872512415281,-2.0475608109191232,-1.5133709210522106,0.25386692104427394,-0.7289022052019858,0.38148461235955616,1.3186971290539755
111,0.24407765137223358,-2.042449325862044,-1.5133456707569009,0.5554286592760285,-0.9486247335220768,-1.7225243843425357,1.1372737968186923
112,0.24436818054718734,-2.037337846352442,-1.5133204198087753,0.5146434486094146,-0.8076795527838403,0.8303756963555787,1.2590108178519175
113,0.24465883876785074,-2.032226372393737,-1.5132951682069753,0.27025818947464153,-0.5692424839362028,-1.758494589126155,1.4632078405486133
114,0.24494962603565845,-2.027114903989432,-1.5132699159506384,0.26962527759893284,-0.8672140745636271,-2.443066716109495,1.1601632738036238
115,0.24524054235204554,-2.02200344114312,-1.5132446630388976,0.3584916925880948,-0.8552378454340585,0.6879069558302398,1.1722490257450031
116,0.24553158771847503,-2.016891983858477,-1.5132194094708757,0.24776364074788002,-0.7742626271890279,1.1013825807900985,1.2426313613125393
117,0.24582276213646487,-2.0117805321392614,-1.5131941552456845,0.3098324118065649,-0.8442627546497089,1.080506324009295,1.1692711387890462
118,0.24611406560761478,-2.0066690859893095,-1.5131689003624118,0.38864266963995675,-0.9466892062993467,2.7531886022045446,1.0695194006257933
119,0.2464054981336309,-2.001557645412527,-1.5131436448201205,0.3156811033791991,-0.9238066296629859,-0.978426461603134,1.079975167043811
120,0.24669705971634956,-1.996446210412884,-1.5131183886178463,0.48467706048012,-0.6295468982357352,-0.8837135635607076,1.3874610662623605
121,0.24698875035775797,-1.991334780994403,-1.5130931317545813,0.44559680308724164,-0.7801474367569213,1.2351670788511981,1.2273630031290832
122,0.24728057006001283,-1.9862233571611534,-1.513067874229288,0.320407318751917,-0.7604484896836504,1.3814915005976645,1.2279542121405582
123,0.24757251882545656,-1.981111938917236,-1.5130426160408827,0.26425965692203424,-0.7939241822340755,-1.0328433490498603,1.1873050282872761
124,0.24786459665662913,-1.9760005262667737,-1.513017357188238,0.28496276743298243,-0.7558773413865076,-1.091483151080469,1.2206870444783606
125,0.2481568035562779,-1.9708891192139004,-1.512992097670179,0.21701320665509835,-0.6794174041976988,-1.5082182801949109,1.2918471714234747
126,0.24844913952736272,-1.965777717762747,-1.5129668374854894,0.3053095978177061,-0.7892634730869043,1.490701801826309,1.1778874647614503
127,0.24874160457305827,-1.9606663219174305,-1.5129415766328995,0.4111222531874314,-0.7166239414191676,-0.4149982670988189,1.254595121750523
128,0.2490341986967522,-1.9555549316820413,-1.5129163151110983,0.321507824491565,-0.9458053759351673,-1.3277853744570471,1.0123470708047
129,0.24932692190203962,-1.9504435470606323,-1.512891052918731,0.5002887375794829,-0.8233390223989945,2.0751206692322772,1.1547062147753668
130,0.24961977419271472,-1.9453321680572095,-1.5128657900544,0.3008182389682894,-0.8915783270265893,0.0209554556997739,1.0549968911244059
131,0.24991275557275797,-1.940220794675719,-1.5128405265166724,0.3396544331286341,-0.7776120113263214,-2.1890489898766994,1.1660672158206444
132,0.2502058660463211,-1.9351094269200406,-1.5128152623040778,0.2925329785641196,-1.064480696580742,-1.01139349433853,0.8716570257540023
133,0.25049910561770866,-1.9299980647939803,-1.5127899974151193,0.4996417809382271,-0.7382920804556836,-0.44244639807035935,1.2174708315904632
134,0.25079247429135726,-1.9248867083012633,-1.5127647318482789,0.47714947249270706,-0.7218365077096879,-2.898864224277775,1.2241598244421175
135,0.25108597207181316,-1.9197753574455305,-1.5127394656020212,0.29369734388395197,-0.8253982485912357,-1.9694550600336185,1.0952063665775493
136,0.2513795989637074,-1.9146640122303342,-1.5127141986747983,0.4384966646913871,-0.7326136799449582,2.4379219592730688,1.1967688934554175
137,0.25167335497173005,-1.9095526726591385,-1.5126889310650586,0.11892615661877477,-0.7132887595129229,-1.9177728277153543,1.2036067333504143
138,0.25196724010060373,-1.9044413387353183,-1.5126636627712562,0.3714559618271141,-0.7291696320824811,0.18644621622636692,1.1813302413290314
139,0.25226125435505675,-1.899330010462163,-1.5126383937918557,0.37855617231243,-0.8146760672647637,2.1695812032461284,1.0919819516803044
140,0.2525553977397969,-1.8942186878428788,-1.5126131241253387,0.10838194668410835,-0.9383093164586708,0.2893538145856265,0.9667205957718387
141,0.2528496702594853,-1.889107370880595,-1.512587853770213,0.4030789319028026,-0.8070935425289283,-3.024246232166972,1.0923931324381924
142,0.25314407191871174,-1.88399605957837,-1.5125625827250162,0.4024963186202951,-0.8531544634233966,-1.8692551396561485,1.0416047666740702
143,0.253438602721972,-1.8788847539392004,-1.5125373109883253,0.1741001891005696,-0.8724714055168454,-0.9602095775442875,1.009535740703942
144,0.25373326267364665,-1.873773453966029,-1.5125120385587618,0.5134705270435144,-0.8906728308400014,-0.4457474323776771,1.0168334581892582
145,0.2540280517779828,-1.8686621596617559,-1.5124867654349916,0.37507957475361225,-0.7171681448558617,-1.5321684047594653,1.157839340041837
146,0.2543229700390784,-1.8635508710292503,-1.512461491615741,0.5698947695270739,-0.7668848624538769,-3.1401879646598765,1.1411669005876104
147,0.2546180174608695,-1.85843958807136,-1.5124362170997891,0.2673354308459728,-0.9870545294673944,-1.0803356065911451,0.8714778556919529
148,0.25491319404712126,-1.8533283107909257,-1.5124109418859777,0.47740458815470627,-0.9539087703939402,-1.2271669307897524,0.9265300481365197
149,0.2552084998014223,-1.848217039190791,-1.512385665973211,0.4354693411969565,-0.7518258795841605,-2.3604138501781113,1.1111109511674333
150,0.25550393472718186,-1.843105773273816,-1.5123603893604565,0.3035679953392042,-0.8673742107263515,1.4037816267454908,0.9769146513763795
151,0.25579949882763203,-1.8379945130428867,-1.5123351120467463,0.38217806733390625,-0.9236514022073983,0.03289196819902005,0.9230356801933571
152,0.25609519210583176,-1.832883258500928,-1.5123098340311776,0.1929023181074287,-0.7117179868316458,-2.4369147428558517,1.1229447474036438
153,0.256391014564676,-1.8277720096509125,-1.5122845553129018,0.16941762079123995,-0.8277600893584753,-1.4547661842035606,1.003786935535344
154,0.2566869662069069,-1.8226607664958698,-1.512259275891137,0.41295721718684825,-0.9891125839376734,-1.7252579915247965,0.8480701409597005
155,0.2569830470351291,-1.8175495290388954,-1.5122339957651545,0.48876773694923686,-0.9070477102435889,1.6637383884972374,0.9395412202283305
156,0.2572792570518271,-1.8124382972831583,-1.5122087149342844,0.32170599964229296,-0.7787978691194196,-1.82697468627405,1.035646339198539
157,0.2575755962593854,-1.807327071231903,-1.5121834333978983,0.386550145174019,-0.9227941915507,-0.7305313274196441,0.8938863739339887
158,0.2578720646601106,-1.8022158508884558,-1.5121581511554054,0.3078721627959891,-0.7688566211788143,-1.9758203020477818,1.0345681743798718
159,0.25816866225625484,-1.7971046362562269,-1.5121328682062611,0.47710674252084706,-0.8186277286138559,-0.3548431546694503,1.0026719013612189
160,0.2584653890500412,-1.7919934273387093,-1.51210758454994,0.3488215679214832,-0.8574399542885307,-1.4502973468022036,0.9389113020144122
161,0.25876224504368883,-1.7868822241394797,-1.5120823001859456,0.3581017786835882,-0.8385816064119592,1.5805538651615758,0.953489593297268
162,0.2590592302394396,-1.7817710266621967,-1.512057015113797,0.34540461716212356,-0.9124385875394576,-0.043492472762692067,0.8736099905300527
163,0.2593563446395832,-1.7766598349105927,-1.5120317293330205,0.20443962304493898,-0.8742111712430631,2.9122996006019894,0.9041180436569184
164,0.259653588246482,-1.7715486488884729,-1.512006442843149,0.43194365293609627,-0.7664045992775702,-2.1789154000205753,1.0198031314224114
165,0.2599509610625951,-1.766437468599703,-1.5119811556436997,0.33345980253841884,-0.8591852537328797,2.4886000374844155,0.9102253188941046
166,0.26024846309049976,-1.7613262940482077,-1.5119558677341913,0.4447758457091757,-0.8009860450820419,-1.0070505184212044,0.9779078426521063
167,0.26054609433291187,-1.7562151252379552,-1.5119305791141184,0.3281277141820648,-0.779731824060383,0.8909956352660184,0.97881914203804
168,0.26084385479270317,-1.7511039621729505,-1.5119052897829532,0.3702602082438314,-0.9457059970592195,0.592603669633813,0.812796297119937
169,0.2611417444729155,-1.745992804857223,-1.5118799997401406,0.42937355609718303,-0.8492455771738298,3.114472755457578,0.9123911073658241
170,0.2614397633767726,-1.7408816532948173,-1.5118547089851,0.44150661906090877,-0.766478667584381,-0.008509919614036406,0.9909012317468296
171,0.26173791150768844,-1.7357705074897776,-1.5118294175172018,0.4645548302027963,-0.8726654268121041,0.28107320330577823,0.8866143935221169
172,0.2620361888692715,-1.7306593674461392,-1.511804125335789,0.4375207352628192,-0.6997262904349979,-0.5869868641302151,1.0457618444457653
173,0.2623345954653261,-1.7255482331679177,-1.5117788324401682,0.35934905394033606,-0.824472749022862,-1.4547307605598752,0.906282976382347
174,0.26263313129985,-1.7204371046590932,-1.5117535388295886,0.3336452065488948,-0.6486265259758551,2.4114621487115575,1.0741604309452444
175,0.2629317963770278,-1.715325981923603,-1.5117282445032685,0.25326970834733586,-0.8744484501090681,0.15597908395795687,0.8409330410059993
176,0.2632305907012216,-1.7102148649653333,-1.5117029494603884,0.5042286442848547,-0.723695185992958,1.1680976556915088,1.0155299792871002
177,0.26352951427695825,-1.7051037537881064,-1.5116776537000847,0.5081396896940445,-0.7649698396048071,-1.8427021939773305,0.9714349769877493
178,0.2638285671089132,-1.699992648395676,-1.5116523572214597,0.36686614817735247,-0.9650610530495838,1.8763169913674134,0.7421193926521442
179,0.2641277492018915,-1.6948815487917195,-1.5116270600235822,0.44079353086594575,-0.8803178122675269,0.6160601774639457,0.8335015772457935
180,0.26442706056080667,-1.689770454979833,-1.5116017621054865,0.39298542263392633,-0.879322579978546,-0.19213527874754713,0.8205808982379647
181,0.26472650119065716,-1.6846593669635277,-1.5115764634661824,0.3796435910918068,-0.7246610292572345,-0.2158781340445563,0.9668519772696309
182,0.26502607109650156,-1.6795482847462295,-1.5115511641046662,0.5093075308077786,-0.6366030315052722,-2.7371547101940745,1.0711714301719015
183,0.26532577028343207,-1.6744372083312773,-1.5115258640199107,0.36158995383548864,-0.9752940675891163,-2.8153064949857645,0.7057392750029979
184,0.2656255987565477,-1.6693261377219255,-1.5115005632108844,0.13116577941478297,-0.9014222478782498,-1.6289493858830042,0.7795869592639862
185,0.2659255565209269,-1.6642150729213445,-1.5114752616765457,0.07640026628432087,-0.8345808509285068,1.5105812974779087,0.8510069200311657
186,0.26622564358160117,-1.65910401393263,-1.5114499594158615,0.24804464828638112,-0.8455272981181924,1.235800782870749,0.8137798357696823
187,0.266525859943528,-1.6539929607588038,-1.5114246564278049,0.3309747519803034,-0.7518497678321411,0.25416858737489767,0.9044423697664111
188,0.2668262056115667,-1.6488819134028248,-1.511399352711356,0.23786742656103713,-0.809793608930027,-1.7355109047485853,0.8395878712720497
189,0.26712668059045463,-1.6437708718675939,-1.511374048265515,0.3898102521246307,-0.8567986916407117,-0.2111023221266745,0.7964775396553462
190,0.26742728488478607,-1.638659836155968,-1.511348743089305,0.5108342479213387,-0.8947250523110012,-2.4254688342529875,0.7827425581052402
191,0.26772801849899375,-1.633548806270767,-1.511323437181779,0.33996208358314883,-0.886708484759557,-1.4997090825412787,0.7503254133997792
192,0.26802888143733317,-1.628437782214786,-1.5112981305420192,0.2940542818564939,-1.1404533855874424,-1.1917645257832221,0.48867790293682223
193,0.26832987370386996,-1.623326763990806,-1.5112728231691384,0.41200428118163285,-0.8623139718316252,-0.10515916892366714,0.7744564579070916
194,0.2686309953024701,-1.6182157516016056,-1.511247515062287,0.49613142556072853,-0.7701929702739357,0.4415660551187403,0.8780085896040024
195,0.26893224623679485,-1.6131047450499731,-1.511222206220654,0.20390846682169844,-0.779206678121553,-0.7652999008134255,0.8364293621797234
196,0.2692336265102983,-1.607993744338717,-1.5111968966434624,0.3745078316132833,-0.7754919146442301,-2.8908987157072183,0.8391316670849299
197,0.2695351361262289,-1.602882749470676,-1.5111715863299755,0.5345079437856113,-1.0357330994825744,1.2655243238106975,0.6259946599456918
198,0.26983677508763493,-1.5977717604487316,-1.5111462752794886,0.48999520259473545,-0.9627896327279697,2.3194865336670594,0.6720654995810939
199,0.2701385433973733,-1.5926607772758146,-1.5111209634913385,0.5214794802394829,-0.9595014027998211,0.7192466363344976,0.6812217407125969
200,0.27044044105812165,-1.587549799954914,-1.5110956509648847,0.18304381384528595,-0.8769848419849823,-1.1467589390967257,0.7159194996247764
201,0.2707424680723937,-1.5824388284890833,-1.5110703376995176,0.36528207363592036,-0.9205634474943275,-0.7838230932624601,0.6685931176635461
202,0.2710446244425577,-1.5773278628814473,-1.5110450236946453,0.07451233525155507,-1.2118841372451048,-0.08154102345144953,0.4149386187156195
203,0.2713469101708571,-1.5722169031352065,-1.5110197089497044,0.583191787770799,-0.7844603937204476,0.1638232501565331,0.8472352364076035
204,0.2716493252594338,-1.5671059492536372,-1.5109943934641334,0.3584238537755757,-0.9311441091904994,2.0535362977422493,0.6418545636012031
205,0.2719518697103527,-1.5619950012400947,-1.510969077237381,0.5139246780271042,-1.0009197255411633,2.276843471178279,0.6110288904506295
206,0.2722545435256277,-1.5568840590980129,-1.510943760268896,0.3387496026777187,-0.8419252244346468,-1.3299693447274985,0.7180443775664834
207,0.2725573467072491,-1.5517731228309,-1.5109184425581166,0.3488974367168474,-0.7015328584933139,2.6945401158522153,0.8536605393501107
208,0.2728602792572101,-1.5466621924423367,-1.5108931241044647,0.4794905436900446,-0.6253040786745081,0.18206107086172482,0.9442440574265712
209,0.27316334117753416,-1.5415512679359706,-1.5108678049073405,0.3033490374351532,-0.8069029648018922,-1.3995832929954797,0.7352681861445782
210,0.2734665324703013,-1.5364403493155108,-1.5108424849661206,0.2918464756158318,-0.8327324902961342,-2.2045728299183676,0.7039478483209305
211,0.27376985313767344,-1.531329436584718,-1.5108171642801382,0.3101079246669205,-0.8904023196522527,-1.467678674758699,0.6419564040196397
212,0.2740733031819181,-1.5262185297474,-1.5107918428486942,0.3007458483300792,-0.8717271892451914,-1.950590937719457,0.6550346093582068
213,0.2743768826054297,-1.5211076288073964,-1.5107665206710328,0.3140546498086969,-0.9184541520718122,0.5958432431493843,0.6039582255683946
214,0.2746805914107493,-1.5159967337685736,-1.5107411977463536,0.4816425690956875,-0.7868538266632346,0.7957663493403812,0.7579463300190099
215,0.27498442960058017,-1.5108858446348095,-1.5107158740737898,0.427770399082514,-0.7909560997534262,2.999439034119212,0.7359635792860324
216,0.27528839717780174,-1.505774961409986,-1.5106905496524168,0.4987885641934948,-0.9106367573810598,-0.849665460418323,0.6357214850473583
217,0.27559249414547937,-1.5006640840979761,-1.5106652244812466,0.4113353492373118,-0.9753820244904201,0.8344373087564145,0.5425378925513298
218,0.2758967205068709,-1.4955532127026314,-1.5106398985592198,0.5093748546516651,-0.7393438679414295,0.5728920384206352,0.7914320010132904
219,0.2762010762654299,-1.490442347227775,-1.5106145718852213,0.12187322496609099,-0.8143164818355959,0.5958883772331425,0.6935151559547881
220,0.2765055614248046,-1.4853314876771864,-1.510589244458048,0.25100635906244984,-0.9132061165807066,-2.119307024527542,0.5726933294298101
221,0.27681017598883384,-1.4802206340545954,-1.5105639162764455,0.3777076535829708,-0.7805950944340523,1.7563850386991355,0.7068636337188351
222,0.2771149199615395,-1.475109786363672,-1.510538587339084,0.2592980119766901,-0.7286235801626545,1.082687605210485,0.7466988002257192
223,0.27741979334711464,-1.469998944608018,-1.5105132576445712,0.2524514833205734,-0.7829415102828038,2.5799676626401675,0.6875109705067457
224,0.27772479614990997,-1.464888108791163,-1.5104879271914575,0.43282355613165613,-0.9280423145870683,2.2355048796769657,0.5588014245709297
225,0.2780299283744165,-1.4597772789165568,-1.5104625959782387,0.30740185038060425,-0.6609214067271814,-0.8720241429164287,0.7993956556885867
226,0.2783351900252454,-1.4546664549875676,-1.5104372640033532,0.3914703097927472,-0.9143019911519424,-2.669254579795495,0.5520808899981684
227,0.278640581107107,-1.4495556370074782,-1.5104119312651996,0.3653215770571503,-0.7029486401745944,2.5510786195544375,0.7516219813035734
228,0.27894610162478667,-1.4444448249794886,-1.510386597762141,0.4196858882147171,-0.7305344227267054,0.5172477040694525,0.7276508434504214
229,0.2792517515831201,-1.4393340189067119,-1.5103612634924994,0.3817302467003083,-0.8825300531827296,-2.3335679924197925,0.5661558956748902
230,0.2795575309869676,-1.4342232187921824,-1.5103359284545776,0.37558835045001776,-0.9199395217320063,-2.0837322606904953,0.5231726668592578
231,0.27986343984118817,-1.4291124246388567,-1.5103105926466596,0.23401802770679322,-0.8331859533813156,2.9452546459763176,0.5976873438171812
232,0.2801694781506138,-1.4240016364496209,-1.5102852560670228,0.4748836648696154,-0.8002162665872735,-2.3918386465264727,0.6534690521852949
233,0.2804756459200243,-1.4188908542272953,-1.5102599187139367,0.4248949031482971,-0.8745098147435019,1.7774894555518674,0.5632118944125928
234,0.28078194315412325,-1.413780077974646,-1.5102345805856854,0.48597400046352657,-0.9382909596314543,-0.11242571015936507,0.5178741951918935
235,0.2810883698575158,-1.4086693076943906,-1.5102092416805513,0.2593355008613474,-0.835243078093194,0.38970879663394103,0.5738386777694657
236,0.2813949260346881,-1.4035585433892106,-1.510183901996851,0.4586282943665932,-0.7755530904556432,3.0199599897619125,0.652535451730071
237,0.28170160828369184,-1.3984477838837943,-1.5101585642228164,0.28301946986670024,-0.6985571971242293,-0.04892396333426622,0.6998918274946495
238,0.28200842660750186,-1.3933370021877476,-1.510133319046167,0.41872269883457935,-0.7182445751772372,-2.0957706192052092,0.6887964701111068
239,0.2823154486671689,-1.3882261996177765,-1.5101082195786986,0.3702857612676379,-1.051709713268164,1.212974094518657,0.3478248431094494
240,0.28262262822703416,-1.3831153987830682,-1.5100831724635517,0.38341324847546354,-0.9454995336961627,0.5337703411650052,0.44907281648505937
241,0.28292993954275947,-1.3780046074123065,-1.510058143087529,0.3411394740613878,-0.8129779936302769,2.638074354267137,0.5680170985022037
242,0.28323737118611364,-1.3728938280643526,-1.510033115532335,0.3764083959130878,-0.8585229898336059,1.3145310226500435,0.5227410439891585
243,0.28354491901075035,-1.3677830610489436,-1.5100080831838378,0.1760886389688069,-0.8917511076249494,-2.50864930316262,0.4880095007283326
244,0.2838526333627529,-1.362672308768665,-1.5099833791647554,0.5201948210844395,-1.0189788868549552,2.6177712245472793,0.4171124524200018
245,0.28416076569637577,-1.3575615844992233,-1.5099606185376038,0.4024980148881185,-0.7684935284481793,-1.6165583413819296,0.6008368157878015
246,0.2844693718071429,-1.3524508899749457,-1.509940195599303,0.36706020161229747,-0.8861427079597058,-0.2138828508916686,0.47356579878857596
247,0.2847784355655912,-1.3473402235815586,-1.5099221010156934,0.5760938562682565,-0.8089938042403783,-0.9353463896558714,0.6121123602384131
248,0.28508792176481706,-1.342229582998999,-1.5099062116765243,0.2501326158712867,-0.7718414476588156,2.224230366910612,0.5714582209986673
249,0.2853977915361855,-1.3371189658701057,-1.5098923731457685,0.464090958436731,-0.7506189576487996,-1.010791433508795,0.6131178577896246
250,0.2857080046812839,-1.3320083698212406,-1.5098804127077703,0.6341317396440544,-0.9001904819710266,-1.4308887136893291,0.5548565466432085
251,0.28601852123877286,-1.326897792497046,-1.5098701488613224,0.41451228369824195,-0.8322339533862634,2.905276086600628,0.5110801901021098
252,0.28632930255176414,-1.3217872315993293,-1.5098613981705502,0.4129597633382316,-0.8805630486556717,0.31791849887301604,0.4590360042668672
253,0.28664031197702117,-1.3166766849230458,-1.5098539801761894,0.2769714121899966,-0.8501520640486773,2.0059064817917176,0.46662480592555816
254,0.2869515153373897,-1.3115661503860867,-1.5098477208827286,0.4272292097707175,-1.0038710748678086,-2.4637180788342583,0.3381628173731242
255,0.2872628811896524,-1.3064556260517846,-1.509842455192664,0.3720066806648939,-0.807715680799647,-2.2846296596580182,0.5058883716192784
256,0.2875743809589018,-1.301345110144209,-1.5098380285532322,0.3587842217460115,-0.8831489910451835,-2.331986670668986,0.42421555305576886
257,0.2878859889756841,-1.2962346010569483,-1.5098342980056965,0.3233528659564896,-0.9118539187641455,-1.119019091656089,0.38601348199596897
258,0.28819768244192545,-1.291124097356311,-1.5098311327750755,0.5300832127362181,-0.9032952992994442,1.188412471705229,0.45707744023084873
259,0.28850944134462336,-1.2860135977799418,-1.5098284145023797,0.41339041248819225,-0.8985876061148909,-0.5862406697350392,0.4070554703862964
260,0.2888212483314773,-1.2809031012318068,-1.5098260371968908,0.3080233753501142,-0.7461559500688196,-3.021878945863979,0.5350918027394651
261,0.28913308855931497,-1.2757926067744159,-1.509823906969257,0.27568172907210464,-0.7620452359897294,-2.3694655298067757,0.5139234379362673
262,0.2894449495238302,-1.2706821136190358,-1.5098219415943621,0.3876302956205233,-1.089604989473253,-3.0756037372762406,0.20598370585324144
263,0.289756820877444,-1.2655716211145505,-1.5098200699443842,0.3824763788603921,-0.6157332107202942,1.3438907054088798,0.6564197407576093
264,0.29006869424081466,-1.260461128735502,-1.5098182313259694,0.43087506113352053,-0.7211961259234196,-2.470605495340252,0.5573447552596494
265,0.2903805710977146,-1.2553506365630636,-1.5098164603455824,0.44167056433309504,-0.7354461795132251,-0.20094993071400227,0.5414695804137558
266,0.29069246132234333,-1.2502401451887202,-1.5098148426036007,0.4418073510268639,-0.6813682354451164,-1.6975483824765445,0.5886008491208149
267,0.29100436513334443,-1.2451296546174775,-1.5098133551527333,0.4849285393023012,-1.0184439789575606,-1.9295616129367947,0.29831691349386297
268,0.2913162821014946,-1.2400191648208194,-1.5098119801092282,0.3176233643076716,-0.7228508392009717,1.5873831801512661,0.517836981683077
269,0.29162821157530866,-1.2349086757598537,-1.509810703073592,0.20221915904112397,-0.9787980884108625,-1.4386602670613382,0.27126852310451705
270,0.2919401528017696,-1.2297981873910173,-1.5098095121597712,0.3959484796745325,-0.8259384639417732,-2.622514668580536,0.4170376581117962
271,0.29225210499897736,-1.2246876996695748,-1.5098083973613263,0.24206777968823104,-0.7877022438721284,-1.1374300837434863,0.4398576532077131
272,0.29256406739900115,-1.2195772125517264,-1.5098073501243616,0.4519767658570338,-0.8403805407495542,2.229368258280995,0.4113423444474395
273,0.29287603927171757,-1.2144667259958024,-1.5098063630500476,0.4391366312069421,-0.7379284969529923,-2.328775443179376,0.4984785296203839
274,0.29318801993675503,-1.209356239962875,-1.5098054296803842,0.34804297760486635,-0.8553259881608948,-0.30491357605910613,0.35825477745836665
275,0.2935000087681862,-1.2042457544170067,-1.5098045443389299,0.34786998353562676,-0.7932817774167324,-2.927508135174139,0.41454491258257414
276,0.2938120051949429,-1.199135269325281,-1.509803702008924,0.32210559553598284,-0.8086819467042751,-2.366305586389225,0.39147710584422424
277,0.29412400869882416,-1.1940247846577068,-1.509802898237633,0.27475000200075256,-0.9289703832949064,2.9354133641431925,0.2657615243358778
278,0.2944360188112574,-1.1889143003870533,-1.509802129059619,0.3680601132912327,-0.9933059920790818,-0.9492112140433346,0.2090050658886113
279,0.2947480351095075,-1.1838038164886562,-1.5098013909340342,0.26166060912418376,-0.7377175774709898,-0.3470298773579041,0.44731164795840145
280,0.29506005721274525,-1.1786933329402125,-1.5098006806925584,0.25311774645781004,-0.7275210727603698,-3.0082470375799004,0.45311760701527726
281,0.29537208477820204,-1.1735828497215766,-1.5097999954955754,0.3702113696332675,-0.7140057744706007,1.466996379441599,0.4656307621429869
282,0.29568411749753243,-1.1684723668145662,-1.509799332794874,0.38168154672832416,-0.8678608529244757,-1.4352760006681162,0.3126704976770228
283,0.2959961550934401,-1.1633618842027802,-1.50979869030157,0.5017957278534949,-0.7768644223736859,-0.8285810523208735,0.4378741282018764
284,0.29630819731658475,-1.15825140187143,-1.5097980659582948,0.44624867571433424,-1.0953745754089812,1.2750830011099852,0.16259041290351314
285,0.2966202439427669,-1.1531409198071838,-1.509797457914918,0.3126087162834967,-0.6054586710909892,-1.2182748613985854,0.5479155745245958
286,0.2969322947703791,-1.1480304379980264,-1.5097968645072124,0.33430222433676776,-0.806386241889798,-2.342272316449635,0.34368192907139367
287,0.2972443496181024,-1.1429199564331294,-1.509796284238024,0.4933170730643364,-1.0396461126287888,2.546696206628764,0.22160776090594547
288,0.2975564083228306,-1.1378094751027343,-1.5097957157605797,0.3081823974097653,-0.9231853764429622,-1.4640984750912929,0.21488698278303242
289,0.29786847073780054,-1.1326989939980452,-1.5097951578636268,0.3860512370590793,-1.0781400083165467,2.4460912914363506,0.10369610983381784
290,0.2981805367309101,-1.1275885131111343,-1.5097946094581807,0.4362023452887589,-0.845239432604217,1.779861379127171,0.3142785753128602
291,0.2984926061832068,-1.1224780324348536,-1.509794069565662,0.339473886014799,-0.7747100714040025,2.1746352568902765,0.3501742709226233
292,0.2988046789875292,-1.1173675519627564,-1.5097935373072444,0.47426008046380536,-0.6250407437044351,-1.547532006225008,0.5226569467987842
293,0.2991167550472886,-1.1122570716890263,-1.5097930118942875,0.3515750407160034,-0.7703064071318041,-2.7265238417189153,0.34595104961023954
294,0.2994288342753756,-1.1071465916084129,-1.5097924926197122,0.39320955398585566,-0.8474429043437282,-1.5809526535085814,0.2761174180820341
295,0.2997409165931813,-1.1020361117161743,-1.5097919788502043,0.44242598825275803,-0.8816864260841693,2.8014688973300275,0.2625128827936298
296,0.3000530019297205,-1.0969256320080254,-1.5097914700191664,0.32858500222390374,-0.7757910097608591,1.6186855339463122,0.3223996287941682
297,0.30036509022084873,-1.0918151524800905,-1.5097909656203208,0.30869027140171706,-0.8664116018526242,0.20706540517880917,0.22555724168636895
298,0.3006771814085623,-1.0867046731288634,-1.509790465201892,0.22224012777665966,-0.847889527509888,-1.199078720641258,0.2513663564589868
299,0.30098927544037485,-1.0815941939511684,-1.5097899683613116,0.45082179178645254,-0.9642436215443161,1.394935020699168,0.19031799651849407
300,0.30130137226876136,-1.0764837149441278,-1.509789474740383,0.36786921890144536,-0.9564683573445888,-1.202969802000463,0.13724053433682687
301,0.3013438001216966,-1.0763265618910278,-1.4849076992199677,0.17746203065906732,-0.726258712197982,-1.3211498844073666,0.37134107259217225
302,0.30134349678141154,-1.0763889007969023,-1.4599946732855487,0.5381298313242683,-0.8887207415176906,-0.9403378182570256,0.302137561771934
303,0.301343350328059,-1.076433597983125,-1.4350693489359259,0.45006795999584787,-0.8473881467076607,-1.321908676992589,0.27309490707594175
304,0.3013443852409496,-1.0764622569335944,-1.4101355226782035,0.31871748223854024,-1.0128439894354302,2.606685339824853,0.06594777068829298
305,0.3013464209541874,-1.076481040886104,-1.3851958517960354,0.292457263296248,-0.8826508636932807,-2.952014823726684,0.19403390094122472
306,0.30134911759341193,-1.0764930783045632,-1.3602520543134524,0.3664606903424941,-0.8757827578385408,1.374706699741244,0.211007463487509
307,0.3013523944979019,-1.0765016014439241,-1.3353050695514546,0.2746021789574575,-0.720872944633251,1.5333543853726073,0.3566333068803638
308,0.3013560205864115,-1.076507308000406,-1.3103555622654266,0.2594344174746641,-0.8787160509644055,1.2880877053758415,0.20218506910091075
309,0.30135988044814027,-1.076511960469542,-1.28540387942923,0.42262166812560087,-0.8035149651963494,-2.075628889808466,0.2987168903475748
310,0.3013638431503844,-1.076515512671752,-1.2604502534279736,0.4290851320687933,-0.6267669561930813,0.1988086862553727,0.46753234294284685
311,0.301367844461194,-1.0765187098065254,-1.2354948494311397,0.3001891726791509,-0.8948314553766367,-2.5776666380618773,0.18169107762749637
312,0.301371736387587,-1.076521813451476,-1.210537716558186,0.2918517251331701,-0.9109474246592599,-1.4807277212600998,0.16584784845815806
313,0.30137560561358223,-1.0765245228939693,-1.185578945696613,0.3560074153305557,-0.8357258867058139,0.3039272374848619,0.24691824117109532
314,0.3013792056832431,-1.076527676079258,-1.1606185595291068,0.27066557403709024,-0.9629511660372941,-1.766576102215818,0.11765606997604443
315,0.3013826878140404,-1.0765305593861036,-1.1356565478120193,0.3563249688025064,-0.8268015414959633,-1.9505020370043258,0.2557014599422334
316,0.30138593982742,-1.0765336425248606,-1.1106929850503882,0.4548487392546382,-1.0283848385290815,0.6833515756322049,0.16083885766276307
317,0.3013888256745936,-1.0765370625273323,-1.085727811725957,0.34767718776011286,-0.8638188167622552,2.351436913435053,0.2176962667248381
318,0.301391563927245,-1.0765402669049224,-1.06076104109873,0.3225839856764608,-0.9370631774238233,2.6759938779229118,0.14107791191293972
319,0.30139391918764985,-1.0765438157759537,-1.035792717275415,0.2128219443656242,-0.5808646814457602,2.8749165256589024,0.5035303356643009
320,0.3013940077686657,-1.0765509474958566,-1.0108226347410898,0.2756110512168337,-0.8188188430747915,-1.496169834772779,0.2590185292558516
321,0.30138139597949354,-1.0765749229078576,-0.9858432775802163,0.42167012129607145,-0.9184497942539075,-0.6061537512290914,0.19867796493349585
322,0.3014068311264431,-1.0765333857347998,-0.9603850404640732,0.4460064213059363,-0.6848396894448863,-0.877655860427486,0.41753202654806304
323,0.30145416926796603,-1.0764566815896868,-0.9347191260308552,0.2569749898327163,-1.0230296137422146,0.4196415236482084,0.06951869519784976
324,0.3015054799056197,-1.0763786804942157,-0.9090499837527632,0.19390880034049718,-0.7147145839227886,2.640447181879246,0.3773300467790316
325,0.3015609875308647,-1.0763001583396938,-0.8833790157541227,0.31819064166079675,-0.749297445234745,-0.5294054916617076,0.32742528884385014
326,0.3016209045860257,-1.0762213243866499,-0.8577069358883401,0.3037006435763619,-0.99344209633397,1.2323615949369724,0.0828053495328986
327,0.3016852510378983,-1.0761424249102047,-0.8320341274055787,0.3023398999482406,-0.8169611207868076,-1.9649909591466668,0.25918213088926617
328,0.3017539242459538,-1.0760637478033799,-0.8063608074803014,0.2527861421330598,-0.9661280742270323,1.125139560676379,0.12034822811217918
329,0.30182675179744295,-1.0759856004786679,-0.7806871060627949,0.22986954281413707,-0.7683444904329431,0.24877607344691996,0.3159444452982722
330,0.3019030392296912,-1.075908693784497,-0.75501307186585,0.3760336870884568,-0.9196355070021675,-1.647075520061713,0.17296433695726177
331,0.3019378023917961,-1.0758734193249615,-0.7296583767974854,0.32797697441424756,-0.7278749969073581,0.02801508395683998,0.3489712602561356
332,0.30189096452145,-1.0759118336285132,-0.7043645482872144,0.1439556655713564,-0.7995001716063245,0.9952283164991684,0.3183503817436444
333,0.3017862122104047,-1.0759965426720663,-0.6786891420796795,0.26793079194121705,-0.9541204613688518,-3.075250091571219,0.12649098258544397
334,0.30168053421953084,-1.0760772203287456,-0.6530154187750657,0.3946738401668246,-0.8583100720339715,-1.7842177796759862,0.23679165067089072
335,0.301575828461674,-1.0761527853674013,-0.6273428311991347,0.29684136983034326,-0.8191851772054279,-0.5760719088177816,0.2570112190995118
336,0.30147134764839983,-1.0762238852840857,-0.6016709843811731,0.32315687937177273,-0.8901649231215659,-2.439942612194756,0.18731844459934904
337,0.3013665318474027,-1.0762909904500693,-0.5759996295308885,0.6147146524390708,-0.6635914929393888,-2.0997781422294306,0.5181774984731571
338,0.3012610173616507,-1.0763544051774645,-0.5503286079213277,0.41971250743724275,-0.9110509244048981,0.6724860364181252,0.2033617374450128
339,0.3011545743714372,-1.0764143235879777,-0.5246578170384459,0.340337622834522,-0.7670190260680941,1.3738014835198453,0.31186657630191433
340,0.30104706317001645,-1.0764708675546493,-0.49898718953884946,0.35521085087821574,-0.8893132665594627,1.1042463857476728,0.19483758238382123
341,0.30093840524346693,-1.0765241113082584,-0.47331668013753087,0.30779569437391197,-1.0270651108830535,-0.2862764182038908,0.04993210527585371
342,0.3008285641316967,-1.0765740974607476,-0.44764625742639796,0.43329101610294074,-0.9206962215100069,1.7093505001206293,0.20455858181251813
343,0.30071753267203205,-1.0766208475297596,-0.421975898760711,0.33207574712997784,-0.9827113184993348,-1.6919963000278264,0.09900675359139256
344,0.30060532441586674,-1.0766643689223883,-0.396305587055203,0.37119982762526754,-0.8984771743157914,0.407431710103817,0.19166183815551627
345,0.30049196778399667,-1.076704659622705,-0.3706353087694983,0.25758268831864684,-0.7594514522437767,0.5121295837448132,0.3201418495861682
346,0.3003775020280942,-1.0767417113769033,-0.34496505263470767,0.1895185457769186,-0.8172463352219583,1.216157858330277,0.28218355449404997
347,0.300261974390416,-1.076775511884823,-0.3192948088424249,0.20739207932332704,-0.8594413812615012,-0.21001907607515305,0.2363449634402376
348,0.3001450820865813,-1.07680623167592,-0.2936245606660242,0.33322893098194173,-0.7642598259996973,1.5995191729337315,0.3142925337306901
349,0.3000253740814188,-1.076834563413627,-0.2679543105040189,0.2809952893480467,-0.7816538640774854,-1.5526267301380308,0.29579349111421116
350,0.2999046190259176,-1.0768595652450683,-0.2422841177147707,0.2878609999407127,-0.9414941034892396,0.9642717902817556,0.13590017291025883
351,0.2997833085185032,-1.0768810363265175,-0.2166139570361016,0.2500208485857838,-0.8915615412762391,1.0408661251136127,0.19188438619190903
352,0.29966139683181886,-1.0768990242911145,-0.19094380288029422,0.3753028821899623,-0.7163031018518055,-3.005465283635567,0.36844409832027764
353,0.2995388673871808,-1.0769135556866998,-0.1652736380979461,0.4144933181936348,-0.8156207905960534,0.5017908245770827,0.2854617922751294
354,0.29941573141011174,-1.0769246410929112,-0.13960345027694174,0.5360878759975486,-0.9730584173344445,2.376100345648131,0.25846062845520684
355,0.29929175607462316,-1.0769322849519358,-0.11393326860812797,0.3435087270504831,-0.8653129093814013,1.4912974158039218,0.21618950168577336
356,0.2991675140188703,-1.0769364327655466,-0.08826320920655978,0.3208465271515126,-0.7947653534046072,0.6661091736289732,0.2830026459913809
357,0.2990430571718052,-1.076937077054853,-0.06259291207018605,0.3635449641372909,-0.8968938339633109,-2.3643909679517514,0.1912487003487979
358,0.2989184458539085,-1.0769365797941797,-0.03692231007746617,0.34239820153902867,-1.0128499587031423,-0.49368894052469015,0.07744407115657037
359,0.2987937459197028,-1.0769360230085754,-0.01125152710681934,0.2713901106285589,-0.820941426946939,0.7878777419201615,0.25745716622368553
360,0.2986690286862042,-1.0769354088467242,0.014419301791343904,0.4835136891412851,-0.8665539056343231,-1.5520386809250375,0.2800498623328776
361,0.2985443700096072,-1.0769347335186403,0.04009006950031779,0.11925253372309479,-0.9596050039451215,0.2193880769977944,0.21427045526806682
362,0.29841984860382414,-1.0769339945876637,0.06576068863952911,2.3078159525143445,-3.028849243597564,1.683302290102353,2.801364996163149
363,0.2982993034150132,-1.0769333731276105,0.09143158681214394,0.42601217299465804,-0.8884971896961389,0.2009026017593816,0.22763737013611493
364,0.2981789137939154,-1.0769341938130843,0.11710407579374318,0.37206934057894786,-0.903488134202806,-1.7448312020171317,0.18852938965796934
365,0.2980584683764557,-1.0769280804990915,0.14277721779923677,0.3124358005745012,-0.8058091017774216,-0.6579661174533344,0.2714999232121701
366,0.2979378290541478,-1.0769182798400552,0.16845043215999025,0.12571288021079874,-0.9214720595088735,0.7776597139162306,0.23200206986004346
367,0.29781718073577623,-1.0769050248266114,0.1941235555929006,0.4412579886347186,-0.829017932265802,1.961577006840274,0.2863970600913225
368,0.29769864260473344,-1.0768885507466273,0.21979648504544394,0.23950331623186666,-0.7339514325516953,-2.80462721557817,0.3478398525866311
369,0.2975832614531059,-1.076869088154463,0.24546916690237658,0.29480452804340473,-0.9584627422095429,1.8888057927436666,0.118438946801254
370,0.29746753131748643,-1.0768462342094642,0.27114167112665927,0.25291501070327954,-0.7422083217543852,1.7555613064694768,0.33759066862899584
371,0.2973518187062058,-1.0768200029939554,0.2968140016705254,0.5828362059730925,-0.9732993532386809,0.082183144408556,0.30367393747061
372,0.2972365229573089,-1.0767904451751968,0.32248617289770914,0.36046049446818496,-0.9860736789214326,-1.9390458010681455,0.11057487170758175
373,0.2971219338125048,-1.0767576083476542,0.348158200242929,0.4348735081811189,-1.2046410540602939,1.690749605895038,0.18796188956373439
374,0.2970082660490556,-1.0767215367401102,0.373830097176834,0.4908300589017084,-0.7030274858963106,0.8703282597561927,0.42096808788869605
375,0.2968956862481494,-1.0766822725704532,0.399501874602341,0.34333499456093625,-0.8485174876118299,2.3419677023970586,0.23284281919738242
376,0.29678432985895353,-1.0766398571055014,0.4251735411157091,0.5694677493951431,-0.8271107149698006,-0.18566486258361503,0.36962283488027137
377,0.29667431200932576,-1.0765943314388684,0.4508451035018413,0.39667951628193965,-0.9681493928176368,1.2126925647140634,0.1475172721892929
378,0.29656573437693445,-1.0765457370578422,0.4765165672208325,0.3555625579968341,-0.9395400549944615,1.6077741445845513,0.14916830130724726
379,0.2964586895676877,-1.0764941162528123,0.5021879368079974,0.09350445861947498,-0.769682941704303,-0.5359832548952806,0.3678634484256575
380,0.296353263909418,-1.0764395124089943,0.5278592161765883,0.49671212622120064,-0.9123572149314083,1.1574778497145037,0.2589723422537528
381,0.2962495392340554,-1.0763819702103095,0.5535304088361899,0.5229476541316347,-0.795856375832693,0.10609792971756711,0.3606752616953803
382,0.29614759401202395,-1.0763215357778884,0.5792015180454548,0.4214099289875235,-0.9144442626428776,2.8077423121962664,0.20468244702744087
383,0.29604750407064734,-1.0762582567600618,0.6048725469165834,0.2904780519175374,-0.9001512551193398,-1.6418043805440978,0.17619504767209276
384,0.29594934304478426,-1.0761921823864047,0.6305434984855869,0.3365197825486015,-0.7725315965901949,0.4108233936399662,0.3063587960670139
385,0.2958531826547971,-1.0761233634951481,0.6562143757589327,0.15113092637492667,-0.8656317763799053,-0.744442941043188,0.25544322208473325
386,0.295759092873046,-1.076051852540811,0.681885181744185,0.21419898235311302,-0.8061765676030777,1.4677755607627212,0.28193034786671406
387,0.2956671420183971,-1.0759777035870544,0.7075559194700245,0.5756785726257406,-0.6368206925920582,-0.06828972618135529,0.5208313369765978
388,0.2955773968042923,-1.0759009722883879,0.7332265919993474,0.46603099997772635,-0.8487342449251712,-1.5797107296420776,0.28400555074808054
389,0.2954899223569601,-1.0758217158633447,0.758897202437967,0.36843497120924845,-0.9358294993284727,1.0082061776714317,0.1578568998885042
390,0.29540478221456,-1.07573999306098,0.784567753940617,0.36284055186474484,-0.7330610221641286,1.637037043863643,0.3492512850702741
391,0.2953220383143107,-1.0756558641220113,0.8102382497153885,0.3145050173663073,-0.8177790899238169,-1.8045897169056095,0.25858928314254614
392,0.29524175097223704,-1.0755693907355104,0.835908693027357,0.18085701363538817,-0.5878260580837475,-2.9576937023805425,0.500976473181993
393,0.2951639788585969,-1.0754806359917546,0.8615790872018961,0.48814921283774415,-0.8954052017400578,0.029409594795240544,0.2639516291954331
394,0.29508877897103997,-1.0753896643316423,0.8872494356280025,0.3750338671137991,-0.9056817886112996,1.6704794790276383,0.18759525633572088
395,0.2950162066068909,-1.0752965414929039,0.9129197417618531,0.5889592813661648,-1.0011168169261773,1.7262231035835853,0.3031586428517774
396,0.2949463153355283,-1.0752013344532254,0.9385900091307293,0.387122383648059,-0.8385859257435501,2.8270853903067503,0.25393558082396217
397,0.29487915697155964,-1.0751041113703028,0.9642602413374143,0.39745425984347776,-0.9216578497611251,1.6381172507537547,0.1845735813463476
398,0.2948147815493263,-1.0750049415187715,0.9899304420651192,0.4015693781020613,-0.78363828922899,-1.132304483277533,0.31030802431083154
399,0.29475323729917263,-1.0749038952238943,1.0156006150829937,0.3310905953083471,-0.6151320108253722,-0.9865367912139856,0.46120558243635223
400,0.2946945706258542,-1.0748010437918272,1.0412707642522498,0.2992055496720963,-0.935514907812567,2.197634483751215,0.13935916406174587
401,0.2972315002696487,-1.0790811092014072,1.0412698267864149,0.39405450354282207,-0.744341275988018,-1.946948044415362,0.34846154723665645
402,0.29988042325269937,-1.0836220661467038,1.0412815164252796,0.4432580606568375,-0.9723849115838493,-2.1792951455832608,0.18146859635439094
403,0.3025066227382253,-1.0881178729363608,1.041305634398471,0.4730892646386454,-1.1587226012299923,2.9422615140702,0.18461707769094518
404,0.30511119212117827,-1.092572468751315,1.0413277318904524,0.33010423218061213,-0.6853617305258888,0.5856022041053828,0.4079770059421352
405,0.3077079793274184,-1.0970114691107262,1.0413454745118795,0.21598937902283968,-0.8207993497973965,-2.0387192634107043,0.2910419840802906
406,0.3103004017527294,-1.1014416398696063,1.0413604012535698,0.3001659861578743,-0.9746706260601955,3.1104239936973115,0.1271754548712725
407,0.3128900935550024,-1.105866335904376,1.0413735389118783,0.13336401403453046,-0.9519055458456046,1.8593387139969462,0.23650272324755994
408,0.3154780604629206,-1.1102876212863473,1.0413855397121423,0.36257962763583673,-1.0550450148187624,-0.7262573010744784,0.07259685392272297
409,0.31806493155737026,-1.1147067847169732,1.0413968189570764,0.29284288069723613,-0.7948546534216943,-2.9448063490146206,0.32084503696289823
410,0.3206511007083765,-1.1191246315572574,1.0414076415034077,0.4078289989986867,-0.7593185307633841,-0.9585842145257627,0.37021671507214066
411,0.3232368145275348,-1.1235416651590264,1.041418176432393,0.4583927359124078,-0.9078858418037332,0.15890679985595035,0.25450846200557536
412,0.3258222274164003,-1.1279582001355282,1.0414285317556056,0.37840753068424715,-0.7371756660835643,0.3136821161547503,0.39430470836631626
413,0.32840743603578326,-1.1323744331447,1.0414387765036726,0.4097027858017151,-0.7647071762645423,0.7982498944517692,0.37654766720210225
414,0.33099250089024496,-1.1367904871238315,1.0414489548081043,0.46333828656129084,-0.9978643033565483,-0.563280238241578,0.1918746766017531
415,0.33357745984432824,-1.1412064389338288,1.0414590948883302,0.19785522658544477,-0.7735547484939501,-2.1464519192623457,0.39190341933195627
416,0.3361623365863834,-1.1456223366358538,1.041469214791418,0.49044159490198536,-0.9608452937798138,0.4542395245508626,0.2407169398132069
417,0.33874714592850647,-1.1500382102889544,1.041479326059674,0.07312844549810561,-0.8054677553190249,2.1631873894361218,0.43506561856404974
418,0.34133189970110356,-1.1544540830396206,1.0414894360321478,0.3545981899686819,-0.9835312679277334,2.020164561909294,0.1714368781308037
419,0.34391684588895477,-1.1588703735271157,1.04149956399938,0.14916017380729946,-0.9308088592130178,-1.7380224357077412,0.29990367725581646
420,0.34650434781960227,-1.163291042740043,1.0415100223855542,0.4601043495052693,-0.8663606769724629,2.8361946086566587,0.3179191760461335
421,0.3491132184991122,-1.1677475195742044,1.0415234602102783,0.31863580113524514,-0.6482788450315192,1.6620761817384069,0.5203619670962757
422,0.35172395684025215,-1.1722086693546978,1.0415444025838605,0.44663032995093827,-0.7972823121485291,0.20497135956395002,0.3867518493619809
423,0.35432470327228305,-1.176654744724866,1.0415686138047102,0.36379850837883765,-0.8822511275860933,-3.127935011357873,0.29455600955945566
424,0.35692006555116523,-1.1810927182699813,1.0415930722407947,0.23302911942508342,-0.8700971740893124,-0.7353531670456783,0.3347643873416736
425,0.3595120845205603,-1.1855254247586282,1.0416170088411372,0.3587869295204463,-0.6885076542064418,-2.6845183049425883,0.4970182995569077
426,0.3621019111127133,-1.1899544329748772,1.0416402643930645,0.3131596797048994,-0.9653511056795013,1.6803881730652448,0.22987387117140948
427,0.36469028184808583,-1.1943807790280876,1.041662873822994,0.4688341544982977,-0.6059256251201662,2.9205381460142275,0.5975997108193569
428,0.3672776864767354,-1.1988051900581302,1.0416849279528906,0.14747052005956987,-1.0332332064844252,2.640893588342685,0.2751895204270591
429,0.3698644538821628,-1.2032281884323168,1.0417065238431973,0.3523372864138176,-0.9979992690686725,0.2905094599431828,0.20597599603505412
430,0.3724508046459182,-1.2076501536774835,1.0417277480738976,0.30378821383355725,-0.8373703842909717,2.316681132589098,0.37659216533804063
431,0.37503688548719216,-1.2120713633560727,1.0417486727372833,0.47941310332260234,-0.9491554734673597,-0.03787127540314207,0.28287658087158585
432,0.37762279250184444,-1.2164920213403239,1.0417693561135555,0.28624724780642924,-0.7410753599458586,-0.9387365770861268,0.4841182625142781
433,0.3802085870977891,-1.220912277865502,1.0417898447745721,0.6014035402859915,-0.7453056734814633,1.1856428044374727,0.5245272628278215
434,0.3827943070324151,-1.2253322439678098,1.0418101758440024,0.4364062881696697,-0.8087327453474126,2.3207638262755443,0.4200349827957521
435,0.3853799741001153,-1.2297520019718629,1.041830378976328,0.3597518484125515,-0.54196632981538,0.016632418997578623,0.6882629814613035
436,0.3879655994929766,-1.2341716131429241,1.0418504779573634,0.36566108275613474,-0.926398222944925,-1.6421253586937479,0.30858054245339883
437,0.39055118752688905,-1.2385911232790647,1.0418704919548858,0.3579098713385077,-0.5889384152977993,-2.5194203738675696,0.6504722104055647
438,0.3931367382118892,-1.2430105667974656,1.0418904364836603,0.33354834477250067,-0.7763417381080119,-3.1346887720364256,0.4704578326514227
439,0.39572224900398306,-1.24742996971844,1.0419103241495449,0.4640272497936041,-0.9640601859319995,-0.2925170077620521,0.291485861571439
440,0.3983077159789686,-1.251849351843719,1.0419301652265587,0.30874531067904004,-0.6861790222148838,-0.35141466372977065,0.5727166369728609
441,0.4008931346008781,-1.2562687283473257,1.0419499681083104,0.41539874301419977,-0.7847776697837991,1.9721967562790241,0.47171414117110744
442,0.40347850020901377,-1.260688110939355,1.0419697396644978,0.5042664763679476,-1.0365986204686266,-1.3091123738207617,0.24571185538684231
443,0.40606380831228583,-1.265107508719859,1.0419894855249527,0.2664840431781528,-0.8043565191985135,3.1245169297756923,0.48142910711733966
444,0.40864905475387525,-1.2695269288080429,1.0420092103077128,0.4389726512908329,-0.7398468143209624,1.7238609003002825,0.5305474005119455
445,0.4112342357905608,-1.2739463768084527,1.0420289178032782,0.4266129617362196,-0.8100054562701986,-0.9893388677446922,0.4641957377675869
446,0.4138193481175443,-1.27836585715865,1.042048611124218,0.4333965755591158,-0.7378835420627332,-1.811509253701072,0.5408367598136622
447,0.41640438885990355,-1.282785373390398,1.0420682928270903,0.3912328895526079,-0.7459523441379224,1.6602925257668713,0.537422836948493
448,0.41898935554491307,-1.2872049283274132,1.0420879650120591,0.3344233959439216,-0.8339080615868751,-0.320426524125139,0.46111761072423335
449,0.4215742460646296,-1.2916245242363,1.0421076294044629,0.4238649607740447,-0.9598185427332647,0.15256688813279887,0.3318138887012907
450,0.4241590586347732,-1.29604416294268,1.0421272874216971,0.2608181349042833,-0.842331159721792,-1.125130752629645,0.4822196041813805
